"Date","Price","Open","High","Low","Vol.","Change %"
"09/28/2026","137.00","137.00","137.30","136.30","23.82M","0.00%"
"09/25/2026","137.00","137.00","137.20","137.00","12.22M","0.00%"
"09/24/2026","137.00","137.50","137.50","137.00","15.49M","-0.36%"
"09/23/2026","137.50","137.30","138.00","137.00","86.19M","0.15%"
"09/22/2026","137.30","133.90","140.00","134.00","45.92M","2.54%"
"09/21/2026","133.90","130.00","134.00","130.00","25.86M","3.00%"
"09/18/2026","130.00","130.00","130.00","129.60","18.48M","0.00%"
"09/17/2026","130.00","130.00","130.00","129.80","34.23M","0.00%"
"09/16/2026","130.00","129.90","131.00","129.10","40.55M","0.00%"
"09/15/2026","130.00","130.00","130.00","129.90","37.48M","0.00%"
"09/14/2026","130.00","129.80","130.00","129.00","15.88M","0.15%"
"09/11/2026","129.80","129.90","130.00","129.80","29.48M","-0.08%"
"09/10/2026","129.90","128.00","130.00","127.80","25.74M","1.48%"
"09/09/2026","128.00","129.70","129.00","127.70","17.63M","-1.31%"
"09/08/2026","129.70","131.70","131.70","129.00","19.04M","-1.52%"
"09/07/2026","131.70","132.70","132.80","131.50","16.97M","-0.75%"
"09/04/2026","132.70","132.70","133.00","132.50","20.15M","0.00%"
"09/03/2026","132.70","133.00","133.00","132.50","34.25M","-0.23%"
"09/02/2026","133.00","133.60","133.80","132.80","15.08M","-0.45%"
"09/01/2026","133.60","133.00","134.00","133.00","32.10M","0.45%"
"08/31/2026","133.00","129.00","135.50","129.80","33.18M","3.10%"
"08/28/2026","129.00","128.00","129.00","128.00","18.73M","0.78%"
"08/27/2026","128.00","127.60","130.50","127.60","37.47M","0.31%"
"08/26/2026","127.60","127.70","127.70","127.30","22.27M","-0.08%"
"08/24/2026","127.70","127.00","128.00","127.50","9.40M","0.55%"
"08/21/2026","127.00","127.60","127.90","127.00","9.02M","-0.47%"
"08/20/2026","127.60","127.90","127.90","127.60","9.00M","-0.23%"
"08/19/2026","127.90","128.00","128.00","127.90","10.67M","-0.08%"
"08/18/2026","128.00","128.50","128.50","128.00","7.28M","-0.39%"
"08/17/2026","128.50","128.50","128.70","128.50","11.00M","0.00%"
"08/14/2026","128.50","128.00","128.50","128.30","4.82M","0.39%"
"08/13/2026","128.00","128.50","128.50","128.00","9.35M","-0.39%"
"08/12/2026","128.50","128.80","128.90","128.50","6.73M","-0.23%"
"08/11/2026","128.80","130.00","129.00","128.80","8.04M","-0.92%"
"08/10/2026","130.00","128.00","130.00","128.00","14.58M","1.56%"
"08/07/2026","128.00","128.00","128.00","127.80","16.79M","0.00%"
"08/06/2026","128.00","128.00","128.00","127.50","9.18M","0.00%"
"08/05/2026","128.00","130.00","130.00","128.00","6.22M","-1.54%"
"08/04/2026","130.00","131.00","130.50","130.00","7.50M","-0.76%"
"08/03/2026","131.00","130.00","132.00","131.00","10.46M","0.77%"
"07/31/2026","130.00","128.80","131.00","129.60","12.20M","0.93%"
"07/30/2026","128.80","128.60","129.00","127.10","16.94M","0.16%"
"07/29/2026","128.60","131.10","130.50","125.90","19.94M","-1.91%"
"07/28/2026","131.10","132.00","132.00","131.10","11.36M","-0.68%"
"07/27/2026","132.00","132.00","132.00","131.00","9.38M","0.00%"
"07/24/2026","132.00","131.90","132.00","131.80","18.40M","0.08%"
"07/23/2026","131.90","129.10","132.50","129.70","74.54M","2.17%"
"07/22/2026","129.10","129.00","130.00","129.10","34.04M","0.08%"
"07/21/2026","129.00","129.00","129.00","128.80","22.71M","0.00%"
"07/20/2026","129.00","129.20","129.40","129.00","18.99M","-0.15%"
"07/17/2026","129.20","127.00","129.40","128.90","9.58M","1.73%"
"07/16/2026","127.00","125.80","127.00","125.90","20.30M","0.95%"
"07/15/2026","125.80","124.40","127.00","125.40","10.07M","1.13%"
"07/14/2026","124.40","124.20","127.00","124.30","22.47M","0.16%"
"07/13/2026","124.20","126.00","124.20","124.20","7.24M","-1.43%"
"07/10/2026","126.00","126.90","127.10","126.00","14.94M","-0.71%"
"07/09/2026","126.90","126.60","127.00","126.50","7.46M","0.24%"
"07/08/2026","126.60","126.80","126.60","126.50","7.47M","-0.16%"
"07/07/2026","126.80","126.80","127.10","126.80","13.22M","0.00%"
"07/06/2026","126.80","121.00","130.00","123.00","42.48M","4.84%"
"07/03/2026","120.95","120.50","121.00","119.95","26.15M","0.37%"
"07/02/2026","120.50","122.00","121.50","119.00","21.75M","-1.23%"
"07/01/2026","122.00","125.00","123.00","120.00","7.04M","-2.40%"
"06/30/2026","125.00","127.00","126.00","125.00","12.09M","-1.57%"
"06/29/2026","127.00","127.90","127.90","120.00","12.22M","-0.70%"
"06/26/2026","127.90","130.00","128.45","127.90","11.27M","-1.62%"
"06/25/2026","130.00","129.80","130.00","128.80","14.90M","0.15%"
"06/24/2026","129.80","129.00","129.80","128.50","10.67M","0.62%"
"06/23/2026","129.00","127.10","129.95","127.20","15.85M","1.49%"
"06/22/2026","127.10","115.55","127.10","127.05","15.89M","10.00%"
"06/19/2026","115.55","128.35","128.95","115.55","14.01M","-9.97%"
"06/18/2026","128.35","129.00","129.50","127.75","24.68M","-0.50%"
"06/17/2026","129.00","126.00","129.00","128.05","15.05M","2.38%"
"06/16/2026","126.00","135.65","135.00","126.00","20.24M","-7.11%"
"06/15/2026","135.65","135.95","136.10","135.15","53.91M","-0.22%"
"06/12/2026","135.95","136.00","135.95","135.95","9.17M","0.00%"
"06/11/2026","135.95","136.00","135.95","135.85","9.17M","-0.04%"
"06/10/2026","136.00","136.00","136.00","135.05","23.26M","0.00%"
"06/09/2026","136.00","135.00","136.00","135.20","49.19M","0.74%"
"06/08/2026","135.00","134.70","135.90","135.00","18.86M","0.22%"
"06/05/2026","134.70","135.00","135.90","134.50","10.07M","-0.22%"
"06/04/2026","135.00","133.40","135.00","133.40","6.96M","1.20%"
"06/03/2026","133.40","136.00","135.80","130.10","11.05M","-1.91%"
"06/02/2026","136.00","136.00","136.00","135.00","9.17M","0.00%"
"06/01/2026","136.00","137.00","137.00","135.85","27.67M","-0.73%"
"05/29/2026","137.00","140.00","141.50","137.00","21.66M","-2.14%"
"05/28/2026","140.00","144.35","140.00","140.00","13.12M","0.00%"
"05/26/2026","140.00","144.35","144.00","140.00","13.12M","-3.01%"
"05/25/2026","144.35","145.00","145.00","144.30","19.64M","-0.45%"
"05/22/2026","145.00","145.00","145.00","144.20","6.02M","0.00%"
"05/21/2026","145.00","145.00","145.00","144.50","6.06M","0.00%"
"05/20/2026","145.00","145.70","145.10","144.75","10.66M","-0.48%"
"05/19/2026","145.70","146.50","146.50","145.70","13.56M","-0.55%"
"05/18/2026","146.50","146.80","146.90","145.70","18.40M","-0.20%"
"05/15/2026","146.80","147.50","147.50","146.80","16.56M","-0.47%"
"05/14/2026","147.50","147.50","148.00","147.20","14.72M","0.00%"
"05/13/2026","147.50","151.95","150.00","147.00","10.99M","-2.93%"
"05/12/2026","151.95","153.00","156.95","151.00","49.28M","-0.69%"
"05/11/2026","153.00","144.00","154.00","149.50","30.01M","6.25%"
"05/08/2026","144.00","139.00","145.00","138.75","29.21M","3.60%"
"05/07/2026","139.00","139.00","139.95","138.00","62.44M","0.00%"
"05/06/2026","139.00","139.00","140.00","139.00","44.58M","0.00%"
"05/05/2026","139.00","140.00","140.00","138.50","94.10M","-0.71%"
"05/04/2026","140.00","135.00","140.00","136.00","27.55M","3.70%"
"04/30/2026","135.00","136.00","136.05","133.30","54.67M","-0.74%"
"04/29/2026","136.00","129.85","137.85","130.00","29.79M","4.74%"
"04/28/2026","129.85","128.00","130.00","129.00","22.76M","1.45%"
"04/27/2026","128.00","133.80","134.00","127.15","17.50M","-4.33%"
"04/24/2026","133.80","133.00","133.80","133.00","16.49M","0.60%"
"04/23/2026","133.00","130.00","133.50","130.65","27.61M","2.31%"
"04/22/2026","130.00","130.00","130.75","130.00","37.39M","0.00%"
"04/21/2026","130.00","129.90","130.35","129.85","29.69M","0.08%"
"04/20/2026","129.90","128.50","130.00","128.00","28.22M","1.09%"
"04/17/2026","128.50","128.00","128.55","128.00","26.11M","0.39%"
"04/16/2026","128.00","130.00","129.05","127.00","25.26M","-1.54%"
"04/15/2026","130.00","126.00","132.00","126.00","31.56M","3.17%"
"04/14/2026","126.00","123.00","127.00","123.00","30.57M","-5.97%"
"04/13/2026","134.00","135.00","134.95","133.75","43.51M","-0.74%"
"04/10/2026","135.00","131.50","136.50","131.00","34.91M","2.66%"
"04/09/2026","131.50","129.00","131.65","129.65","62.27M","1.94%"
"04/08/2026","129.00","125.00","135.00","125.00","43.27M","3.20%"
"04/07/2026","125.00","122.00","125.00","122.00","56.59M","2.46%"
"04/02/2026","122.00","120.95","122.20","121.50","17.50M","0.87%"
"04/01/2026","120.95","123.90","123.90","117.00","73.66M","7.37%"
"03/31/2026","112.65","114.95","114.50","112.65","24.57M","-2.00%"
"03/30/2026","114.95","116.10","115.40","114.95","11.12M","-0.99%"
"03/27/2026","116.10","115.40","116.25","115.90","19.18M","0.61%"
"03/26/2026","115.40","114.55","115.50","115.30","9.53M","0.74%"
"03/25/2026","114.55","111.00","119.30","111.00","25.57M","3.20%"
"03/24/2026","111.00","105.00","112.30","100.00","184.38M","5.71%"
"03/23/2026","105.00","114.35","117.00","105.00","31.10M","-8.18%"
"03/18/2026","114.35","123.50","123.70","114.35","48.89M","-7.41%"
"03/17/2026","123.50","118.15","127.50","118.30","100.02M","4.53%"
"03/16/2026","118.15","117.50","118.15","117.50","28.90M","0.55%"
"03/13/2026","117.50","117.45","118.00","117.40","33.62M","0.04%"
"03/12/2026","117.45","118.00","117.45","117.00","13.56M","-0.47%"
"03/11/2026","118.00","117.00","118.70","117.00","11.08M","0.85%"
"03/10/2026","117.00","118.00","118.00","117.00","11.25M","-0.85%"
"03/09/2026","118.00","119.00","118.05","117.90","8.74M","-0.84%"
"03/06/2026","119.00","119.00","119.05","118.00","38.87M","0.00%"
"03/05/2026","119.00","119.00","119.05","119.00","45.47M","0.00%"
"03/04/2026","119.00","118.90","120.00","118.00","25.18M","0.08%"
"03/03/2026","118.90","117.95","119.00","116.00","26.29M","0.81%"
"03/02/2026","117.95","117.00","118.00","116.00","16.45M","0.81%"
"02/27/2026","117.00","117.10","117.00","116.50","11.60M","-0.09%"
"02/26/2026","117.10","118.00","117.30","117.00","18.22M","-0.76%"
"02/25/2026","118.00","120.00","120.00","117.45","31.54M","-1.67%"
"02/24/2026","120.00","120.00","121.00","120.00","28.06M","0.00%"
"02/23/2026","120.00","118.00","120.00","117.00","16.08M","1.69%"
"02/20/2026","118.00","117.00","118.45","117.00","11.38M","0.85%"
"02/19/2026","117.00","115.95","118.90","117.00","52.63M","0.91%"
"02/18/2026","115.95","117.20","116.50","115.95","9.33M","-1.07%"
"02/17/2026","117.20","120.00","121.50","117.20","33.70M","-2.33%"
"02/16/2026","120.00","112.00","122.95","113.00","47.40M","7.14%"
"02/13/2026","112.00","107.00","112.00","108.00","45.04M","4.67%"
"02/12/2026","107.00","106.00","107.20","105.00","40.78M","0.94%"
"02/11/2026","106.00","101.00","106.00","102.30","20.60M","4.95%"
"02/10/2026","101.00","100.20","101.50","100.55","45.61M","0.80%"
"02/09/2026","100.20","100.25","100.35","100.10","17.09M","-0.05%"
"02/06/2026","100.25","100.00","101.00","99.90","31.58M","0.25%"
"02/05/2026","100.00","99.80","100.00","99.95","6.48M","0.20%"
"02/04/2026","99.80","99.50","99.80","99.00","7.30M","0.30%"
"02/03/2026","99.50","98.80","99.50","98.50","65.90M","0.71%"
"02/02/2026","98.80","99.00","98.80","98.80","14.95M","-0.20%"
"01/30/2026","99.00","98.85","99.00","98.85","6.36M","0.15%"
"01/29/2026","98.85","99.00","98.90","98.80","26.03M","-0.15%"
"01/28/2026","99.00","98.50","99.00","98.50","21.90M","0.51%"
"01/27/2026","98.50","98.50","99.00","98.30","25.28M","0.00%"
"01/26/2026","98.50","98.50","98.60","98.50","31.56M","0.00%"
"01/23/2026","98.50","95.60","98.50","98.50","14.94M","3.03%"
"01/22/2026","95.60","94.95","95.60","94.05","9.73M","0.68%"
"01/21/2026","94.95","95.00","94.95","94.50","22.88M","-0.05%"
"01/20/2026","95.00","97.40","97.45","94.10","39.05M","-2.46%"
"01/19/2026","97.40","98.95","99.00","97.00","12.37M","-1.57%"
"01/16/2026","98.95","98.90","99.00","98.90","15.55M","0.05%"
"01/15/2026","98.90","99.00","99.00","98.80","20.66M","-0.10%"
"01/14/2026","99.00","99.50","99.75","99.00","8.11M","-0.50%"
"01/13/2026","99.50","99.45","99.95","99.00","19.48M","0.05%"
"01/12/2026","99.45","99.20","99.50","99.20","5.18M","0.25%"
"01/09/2026","99.20","99.00","99.50","99.00","10.80M","0.20%"
"01/08/2026","99.00","99.00","99.00","98.00","10.23M","0.00%"
"01/07/2026","99.00","99.95","99.00","97.90","11.26M","-0.95%"
"01/06/2026","99.95","97.00","100.05","99.05","20.37M","3.04%"
"01/05/2026","97.00","92.30","98.80","93.00","8.50M","5.09%"
"01/02/2026","92.30","90.70","92.30","90.70","8.13M","1.76%"